title,company,location,link
MPK / MPI-SD Joint Postdoctoral Position for Ultrafast Nonlinear Spectroscopy in Solids (Theory),POSTECH / Max Planck POSTECH/KOREA Res. Init.,대한민국,https://kr.indeed.com/채용보기?jk=e11bc11a4d72cc54
[Search & Clova] Clova AI 인재,네이버,대한민국,https://kr.indeed.com/채용보기?jk=92bd400e3b5306ba
[전문연구요원] 상시,네이버,대한민국,https://kr.indeed.com/채용보기?jk=b79c2ae536063b01
Student Intern (South Korea),SAP,서울,https://kr.indeed.com/채용보기?jk=f83c468b246ce9ef
AI/빅데이터 분야 (인재 Pool),LG유플러스,서울,https://kr.indeed.com/채용보기?jk=fb617eeb80ea6fa9
Process & Data Scientist,Applied Materials Inc.,대한민국,https://kr.indeed.com/채용보기?jk=b87ff4aabad6e65e
Junior network admin,WangsuTech,서울,https://kr.indeed.com/채용보기?jk=a030a599df3b6b76
2020년 경력사원 공개 (접수기한 연장),LG상사,서울 종로구,https://kr.indeed.com/채용보기?jk=ff04e97830ca895a
경력,LG CNS,서울,https://kr.indeed.com/채용보기?jk=3ecd87a745e7b526
데이터 분석가,카카오,성남 판교역,https://kr.indeed.com/채용보기?jk=092d062a6faa7139
Global Music 데이터 분석가 연계형 인턴십,네이버,대한민국,https://kr.indeed.com/채용보기?jk=2cd6b141cc9905a7
Data Analyst,Nielsen,서울,https://kr.indeed.com/채용보기?jk=86c5a66bf9468e1c
"Research Intern, 2020",Google,서울,https://kr.indeed.com/채용보기?jk=9a17133e36675189
글로벌 소비재기업 APAC담당 Sr. Enterprise Architect 포지션 ASAP,글로벌 소비재기업,서울,https://kr.indeed.com/채용보기?jk=8405cf7fad057a1a
Data Scientist,Boston Consulting Group,서울,https://kr.indeed.com/채용보기?jk=ce6747e77c861c46
2020년 RF/Package설계/Test개발 신입/경력,앰코테크놀로지코리아,인천 연수구,https://kr.indeed.com/채용보기?jk=ca3ae9fb21acddd3
Support Engineer _ Devices & IoT,Microsoft,서울,https://kr.indeed.com/채용보기?jk=7af1798e214d4067
웹프로그래머 (FrontEnd) 기업부설연구소 연구원 #python #js #FullStack #모바일,넥스텝코리아,서울 용산구,https://kr.indeed.com/채용보기?jk=950367c9910738e4
[동영상플랫폼] 연계형 인턴십,네이버,대한민국,https://kr.indeed.com/채용보기?jk=e65a195da656bcdc
Data Analyst,Axiologic Solutions,서울,https://kr.indeed.com/채용보기?jk=eb45c08f4c4a43d8
Developer / Designer recruit,마이뮤직테이스트,서울 논현동,https://kr.indeed.com/채용보기?jk=55a19c92c845685e
정보보안 담당자,Nexon,성남 분당구,https://kr.indeed.com/채용보기?jk=e1719c3044cb5bd1
네이버 쇼핑검색플랫폼 개발자,네이버,대한민국,https://kr.indeed.com/채용보기?jk=f3a14b3f8d9e3e12
Support Engineer,Microsoft,서울,https://kr.indeed.com/채용보기?jk=0bbf23c0930be392
추천 통계분석/데이터사이언티스트,카카오,성남 판교역,https://kr.indeed.com/채용보기?jk=bfe0f5ac4f32ec89
2020년 경력 및 신입사원,현대트랜시스,충청남도 서산,https://kr.indeed.com/채용보기?jk=e92e9a3502845754
Software Engineer (Backend),Streami,서울,https://kr.indeed.com/채용보기?jk=b4cd3d301442dd16
[Search & Clova] 네이버 Data Science 데이터 분석 신입/경력사원,네이버,대한민국,https://kr.indeed.com/채용보기?jk=9e73c6c0c12902dd
Data Scientist,Supercell,서울,https://kr.indeed.com/채용보기?jk=554c2e55cc985488
2019 Military Service Exemption Position Available at the IBS CMCM (Synthetic Organic/Polymer Chemistry OR Theoretical Study of Carbon and Related Materials),울산과학기술원,울산 언양읍,https://kr.indeed.com/채용보기?jk=8becbf73bbda7c96
Avionics Software Engineer Intern,BOEING,서울,https://kr.indeed.com/채용보기?jk=41e16c5d37456c7d
"데이터 분석 및 컨설팅 분야(Python, SAS, 빅데이터-신입)",한국정보기술단,서울 서초구,https://kr.indeed.com/채용보기?jk=640c9858f4f3b2f6
Senior Consultant / Applications Engineers,Process Systems Enterprise Limited,대전,https://kr.indeed.com/채용보기?jk=1b0be42764835ab3
Physical Implementation Engineer,SiFive,대한민국,https://kr.indeed.com/채용보기?jk=55537575b7dd8d87
퀀트 개발자 (Quant Developer),ATZ Inc.,서울,https://kr.indeed.com/채용보기?jk=f6fe4d192f210bc7
2020년 신규 개발자,thecompany,경상남도,https://kr.indeed.com/채용보기?jk=5699cdfbc747b0bd
Junior Quant Trader,Byzantine Partners,서울,https://kr.indeed.com/채용보기?jk=25725b3c0e607311
"Software Engineer, University Graduate",Google,서울,https://kr.indeed.com/채용보기?jk=effcb5381cceb13b
"Customer Solutions Engineer, Global Client and Agency Solutions",Google,서울,https://kr.indeed.com/채용보기?jk=2615f45e6f912c05
"데이터 가치 함께 발굴하실 머신러닝, 통계 모델링 전문가",카카오,성남 판교역,https://kr.indeed.com/채용보기?jk=d1e75364ef505c68
CTO 최고기술책임자,서치펌 모멘텀HR 헤드헌팅 건,서울 강남구,https://kr.indeed.com/채용보기?jk=255dc6b8fa2e41ef
"Partner Engineer, Google Assistant",Google,서울,https://kr.indeed.com/채용보기?jk=c6398dbbd3c4f4d9
동대문구 국비 무료 훈련생,동대문여성인력개발센터,서울 동대문구,https://kr.indeed.com/채용보기?jk=2f64e12e457da027
Global Music 데이터 분석가 채용연계형 인턴십 모집,NAVER,성남 정자동,https://kr.indeed.com/채용보기?jk=9000605ffc33a5d2
유저프로파일팀 - 데이터 모델러,Nexon,성남 분당구,https://kr.indeed.com/채용보기?jk=8dfc9993e2aa9160
"[긴급] C-ITS 등 교통산업 컨설팅, 수주 전략 기획, 제안 ( 대리-차장, 서울 )",에이스파트너스서치펌,서울,https://kr.indeed.com/채용보기?jk=380d14940dd4fba9
솔루션 프론트엔드 개발자,Nexon,성남 분당구,https://kr.indeed.com/채용보기?jk=273d830a0c62aedd
[Search & Clova] Commerce AI 기술 개발 신입/경력사원,네이버,대한민국,https://kr.indeed.com/채용보기?jk=faf0422473d4188a
Algorithm Application Engineer,Garrett Advancing Motion,경기도,https://kr.indeed.com/채용보기?jk=8c47e8f334705d2e
2020년 개발자/경영지원,심시스글로벌,서울 서초구,https://kr.indeed.com/채용보기?jk=69bcbac49023acae
신한AI 인공지능(AI) / IT 개발관리 / 준법감시 인력,신한에이아이,서울 영등포구,https://kr.indeed.com/채용보기?jk=e7c6a0167c5bbbf4
Application Analyst,Hewlett Packard Enterprise,대전,https://kr.indeed.com/채용보기?jk=c3c0448a294b2db0
"Computer Vision Engineer, Perception – Autonomous Vehicles",NVIDIA,서울,https://kr.indeed.com/채용보기?jk=f775c2b405edea87
2020 Market Data Analyst - Seoul (Korean Speaker),Bloomberg,서울,https://kr.indeed.com/채용보기?jk=212ca67d161b7162
Linux Developer,Wayne Inc.,인천,https://kr.indeed.com/채용보기?jk=898c115c445ae128
메시지발송 플랫폼 개발자,Nexon,성남 분당구,https://kr.indeed.com/채용보기?jk=eaee1538d8cc832f
카카오톡 보이스톡/페이스톡/라이브톡 개발자,카카오,성남 판교역,https://kr.indeed.com/채용보기?jk=d585814d097935eb
분석 플랫폼 웹 프론트 엔지니어,Nexon,성남 분당구,https://kr.indeed.com/채용보기?jk=eeb027369cdab361
AI Scientist - Symbolic AI (Natural Language Reasoning),MIND AI,서울,https://kr.indeed.com/채용보기?jk=7b96b63ac704d98a
BR&T Software Engineer Intern,BOEING,서울,https://kr.indeed.com/채용보기?jk=b19575486d134ab7
대용량 분산 스토리지 개발자,카카오,성남 판교역,https://kr.indeed.com/채용보기?jk=37d1f6dbb37f8a38
네이버 UGC 데이터 분석/운영 개발자,네이버,대한민국,https://kr.indeed.com/채용보기?jk=fd67d04ed1642339
데이터 전문가 경력,LG CNS,서울,https://kr.indeed.com/채용보기?jk=46e64783bd9d2d0d
Platform Application Engineer,Intel,서울,https://kr.indeed.com/채용보기?jk=0c73ef7efc258db7
(주)신세계아이앤씨 상반기 시스템운영/개발 부문 인재,신세계아이앤씨,서울 중구,https://kr.indeed.com/채용보기?jk=b55d3d20f915df43
제조공정Deep Learning/AI 전문가 대그룹계열제조사,대그룹계열제조사,서울특별시,https://kr.indeed.com/채용보기?jk=c2bc15d755c2e44a
AI 플랫폼 구조개선/운영 효율화(서울)[IT대기업],에이스파트너스서치펌,대전,https://kr.indeed.com/채용보기?jk=e9bc57465b1eefbd
"AI, eIoT sw 개발자",글로벌브릿지,인천 연수구,https://kr.indeed.com/채용보기?jk=d7bcd63e56a64f2b
광고팀 - 분석가,Nexon,성남 분당구,https://kr.indeed.com/채용보기?jk=3a08c7089343733d
Healthcare Real World Data Analyst 담당자,IQVIA,서울,https://kr.indeed.com/채용보기?jk=a39853230d5ceca8
네이버 일본 맛집 서비스 CONOMI 머신러닝 개발자,네이버,대한민국,https://kr.indeed.com/채용보기?jk=feac8a234b715106
[IT대기업] AI 플랫폼 구조개선/운영 효율화(서울),에이스파트너스서치펌,대전,https://kr.indeed.com/채용보기?jk=2b9fb5a808dc9f35
주니어 데이터 엔지니어 / Junior Data Engineer,Bagelcode,서울,https://kr.indeed.com/채용보기?jk=65232d6e37b8f7fb
[Search & Clova] AI 시스템 (성능) 개발자 신입/경력사원,네이버,대한민국,https://kr.indeed.com/채용보기?jk=9136552822e7c54f
DevOps Engineer,Nielsen,서울,https://kr.indeed.com/채용보기?jk=de8ad67cf88179fe
기술 인턴 인공지능 응용 연구/개발 인턴,써로마인드로보틱스,서울 관악구,https://kr.indeed.com/채용보기?jk=71c47ac87bb4087e
2020 APAC Graduate Programme – Junior Fixed Income Sales,BNP Paribas,서울,https://kr.indeed.com/채용보기?jk=b2c01054f550bdf2
추천 시스템 소프트웨어 엔지니어,카카오,성남 판교역,https://kr.indeed.com/채용보기?jk=07375dc4e800dfa9
백엔드 엔지니어 (e-커머스),리디,서울특별시,https://kr.indeed.com/채용보기?jk=fb0d4b29731b536d
(주)신세계아이앤씨 상반기 AI/기획/데이터분석 부문 인재,신세계아이앤씨,서울 중구,https://kr.indeed.com/채용보기?jk=2f3c39f93e5abf96
보안개발팀 엔진파트 GO Python C 등의 개발언어 구현 가능자,"소프트웨어(IT인프라,IT위협관리,IT정보관리) 개발,공급, 통신장비 제조등",서울 구로구,https://kr.indeed.com/채용보기?jk=f400dbcb5e317e9f
Support Engineer _ Azure PaaS,Microsoft,서울,https://kr.indeed.com/채용보기?jk=01bc879744c28f9c
카카오 네트워크 엔지니어,카카오,성남 판교역,https://kr.indeed.com/채용보기?jk=f281c810daf0e10d
챗봇 플랫폼 개발자,카카오,성남 판교역,https://kr.indeed.com/채용보기?jk=20d40ee61adffeca
분석지원팀 - 데이터 분석가,Nexon,성남 분당구,https://kr.indeed.com/채용보기?jk=4233609a843b5e96
Solution Architect,OSF Commerce,대한민국,https://kr.indeed.com/채용보기?jk=80aabe146d2855e5
2020년 현대IT&E 경력사원 상시,현대IT&E,경기도,https://kr.indeed.com/채용보기?jk=c0386b0f6c835e25
[인재풀] 아티스트,Electronic Arts,서울,https://kr.indeed.com/채용보기?jk=aac8e9355cb855ac
Product Test Engineer - GPU,NVIDIA,서울,https://kr.indeed.com/채용보기?jk=48ca423ba9cc3be4
Data Center Technician,Amzn Corporate Services Korea,서울,https://kr.indeed.com/채용보기?jk=7598f5ef1a01732d
[Autonomous Driving] Virtual Environment Simulation Engineer,네이버,대한민국,https://kr.indeed.com/채용보기?jk=5ed0334bca0963cb
Data Scientist III,Amazon Web Services Korea LLC,서울,https://kr.indeed.com/채용보기?jk=67ca30c143379281
Staff RF Production Test Engineer,Qualcomm,서울,https://kr.indeed.com/채용보기?jk=b085b3c302873fcc
이탈방지팀-서비스 개발자,Nexon,성남 분당구,https://kr.indeed.com/채용보기?jk=691f61972f31c777
MongoDB Engineer,카카오,성남 판교역,https://kr.indeed.com/채용보기?jk=2695294aea6dc3b6
RF SW Engineer,Qualcomm,서울,https://kr.indeed.com/채용보기?jk=2a4041f0b6aeb27b
데이터연동개발팀 - 데이터엔지니어,Nexon,성남 분당구,https://kr.indeed.com/채용보기?jk=83afcd111984f51c
Systems Engineer,Hewlett Packard Enterprise,대전,https://kr.indeed.com/채용보기?jk=6ed2963730d3c340
MySQL Engineer,카카오,성남 판교역,https://kr.indeed.com/채용보기?jk=dd06066d79860614
Business Data Analyst,Soomgo,서울 강남구,https://kr.indeed.com/채용보기?jk=166aa0c72e94a266
Data Scientist,Soomgo,서울 강남구,https://kr.indeed.com/채용보기?jk=917cc06120add6e1
MPK / MPI-SD Joint Postdoctoral Position for Ultrafast Nonlinear Spectroscopy in Solids (Theory),POSTECH / Max Planck POSTECH/KOREA Res. Init.,대한민국,https://kr.indeed.com/채용보기?jk=e11bc11a4d72cc54
MPK / MPI-SD Joint Postdoctoral Position for Ultrafast Nonlinear Spectroscopy in Solids (Theory),POSTECH / Max Planck POSTECH/KOREA Res. Init.,대한민국,https://kr.indeed.com/채용보기?jk=e11bc11a4d72cc54
Technical Leader - OPC,Siemens AG,경기도 성남,https://kr.indeed.com/채용보기?jk=2cfcbfbe70232dbc
[신세계아이앤씨] (주)신세계아이앤씨 상반기 AI/기획/데이터분석 부문 인재모집,신세계,대한민국,https://kr.indeed.com/채용보기?jk=5830d6032e92599e
생명 IT운영팀 경력 「클라우드솔루션스아키텍트(Cloud SA)」,한화생명,대한민국,https://kr.indeed.com/채용보기?jk=8f4986d92329ae71
Software Engineer,Wish,서울,https://kr.indeed.com/채용보기?jk=ed4359af01841c83
Hardware Platform Application Engineer,Intel,서울,https://kr.indeed.com/채용보기?jk=aa21d09eb021ffeb
[경력] 빅데이터 플랫폼 엔지니어,카카오,성남 판교역,https://kr.indeed.com/채용보기?jk=61ecdc0ef3cfb66a
Solutions Architect,Cloudera,대한민국,https://kr.indeed.com/채용보기?jk=a459013391a3d600
Deep Learning Architect,Amazon Web Services Korea LLC,서울,https://kr.indeed.com/채용보기?jk=9f7af88b0ef15493
Back-end Engineer (Python),Soomgo,서울 강남구,https://kr.indeed.com/채용보기?jk=752a4b5d63eac97c
[월간 카카오 3월] AdTech/비즈플랫폼 주니어 경력 개발자,카카오,대한민국,https://kr.indeed.com/채용보기?jk=95ac4ab8946165ed
[네이버파이낸셜] CSS 모델 개발 및 운영 담당자,네이버,대한민국,https://kr.indeed.com/채용보기?jk=20604c00a91032e4
Application Backend Developer,BOEING,서울,https://kr.indeed.com/채용보기?jk=a8ed60198075d112
데스크탑 가상화(VDI) 엔지니어,카카오,성남 판교역,https://kr.indeed.com/채용보기?jk=530a598184580c95
Marketing Science Director,KANTAR,서울,https://kr.indeed.com/채용보기?jk=2d5c603043556b81
[개발]Data Scientist (정규직),위메프,대한민국,https://kr.indeed.com/채용보기?jk=ae63a69b12752674
[Search&Clova] Clova AI AiCall 개발자 경력사원,네이버,대한민국,https://kr.indeed.com/채용보기?jk=7db25ada717266e0
Datacenter Engineer,Oracle,서울,https://kr.indeed.com/채용보기?jk=0184fd84022533a6
경험최적화파트 - 데이터 사이언티스트/분석가,Nexon,성남 분당구,https://kr.indeed.com/채용보기?jk=c6e0b428a62c7eaa
Tech U Associate Technical Trainer - 2020 Korea,Amazon Web Services Korea LLC,서울,https://kr.indeed.com/채용보기?jk=a8b83b3070bb370a
데이터 엔지니어,리디,서울특별시,https://kr.indeed.com/채용보기?jk=1937ebb0ea172f08
데이터분석(대리이상) 에듀테크 선두기업,에듀테크 선두기업,서울특별시,https://kr.indeed.com/채용보기?jk=e6102500056b81b1
2020년 상반기 AI/기획/데이터분석 부문 인재모집,신세계아이앤씨,서울 회현동,https://kr.indeed.com/채용보기?jk=e0adc36df891f6e1
Business Analyst (Search and Discovery Analytics),Coupang,서울,https://kr.indeed.com/채용보기?jk=8d0b3a79363b5a69
System Administrator 2-IT (Datacenter Engineer),Oracle,서울,https://kr.indeed.com/채용보기?jk=55dd3a1ce1248639
"Design Consultant, Sr II",Synopsys,대한민국,https://kr.indeed.com/채용보기?jk=33da210b05e4dac7
[Search & Clova] NAVER Search 이미지 검색서버개발 신입/경력사원,네이버,대한민국,https://kr.indeed.com/채용보기?jk=a771637c0eeffc26
"Marketing Data Scientist, Google Professional Services",Google,서울,https://kr.indeed.com/채용보기?jk=424144a5501748e2
데이터 엔지니어 / Data Engineer,Bagelcode,서울,https://kr.indeed.com/채용보기?jk=bd1ad6ca3aba3000
Client Solutions Engineer,Cover Genius,서울,https://kr.indeed.com/채용보기?jk=9ec6ee8ffbdef537
데이터수집개발파트,Nexon,성남 분당구,https://kr.indeed.com/채용보기?jk=475cc377417d9a5b
[피파온라인4] 소프트웨어 엔지니어,Electronic Arts,서울,https://kr.indeed.com/채용보기?jk=1cf825d234463890
Technical Solutions Engineer,MightyHive,서울,https://kr.indeed.com/채용보기?jk=2d83dcf8baac736b
파이썬 Python 개발자,인섹시큐리티,서울 금천구,https://kr.indeed.com/채용보기?jk=8e3d4022aed99fb2
[멜론] 빅데이터 서비스 개발자,카카오,성남 판교역,https://kr.indeed.com/채용보기?jk=3e2a310c9dd0f693
Core Researcher,Terra,서울,https://kr.indeed.com/채용보기?jk=89a689a00d8170bc
콘텐츠서비스개발팀 - 데이터분석가,Nexon,성남 분당구,https://kr.indeed.com/채용보기?jk=b35da47f5e84c9b4
Senior Business Analysis (Strategic Planning),Coupang,서울,https://kr.indeed.com/채용보기?jk=5f3b7800e776da58
[던전앤파이터] 클라이언트 툴 프로그래머,네오플,서울 강남구,https://kr.indeed.com/채용보기?jk=cb286253682cb876
AI/IoT 연구 개발자 채용,(주)트리플렛,서울 마포구,https://kr.indeed.com/채용보기?jk=82f5d2aebb1bbf3a
추천 시스템 연구/개발,카카오,성남 판교역,https://kr.indeed.com/채용보기?jk=be6c1f03fa566f8e
[대형보험사] 데이터 분석가 (사원~과장급),커리어라임즈,서울,https://kr.indeed.com/채용보기?jk=68db00885a3fc1ae
Pre Sales Engineer,Arm,서울,https://kr.indeed.com/채용보기?jk=eec4b684cdb38ebd
[유통대기업] 데이터 분석 (팀장/팀원 - 3명) 경력,에이치알니즈,서울,https://kr.indeed.com/채용보기?jk=e8096b963d7ee409
AI 기반 로봇 서비스 개발 그룹 IT 인프라 구축,그룹 IT 인프라 구축,서울특별시,https://kr.indeed.com/채용보기?jk=d9086035792f01d0
[인재풀] Central Development Services,Electronic Arts,서울,https://kr.indeed.com/채용보기?jk=d9a8d22b38653d34
Data Scientist,Tapjoy,서울,https://kr.indeed.com/채용보기?jk=40454c3ae7eb142d
매칭팀 - 데이터분석가,Nexon,성남 분당구,https://kr.indeed.com/채용보기?jk=48090bdf1303bd76
자연어처리전문가 금융챗봇 만들어 갈 엔지니어,파운트,서울 충정로역,https://kr.indeed.com/채용보기?jk=a50fce6cc2cb57c9
Design for Test (DFT) Engineer,SiFive,대한민국,https://kr.indeed.com/채용보기?jk=6c6ccc05ec15dc41
"Software Engineering Manager, Server",SendBird,서울,https://kr.indeed.com/채용보기?jk=677bb425dc2caf7e
"R&D Engineer, Sr I",Synopsys,서울,https://kr.indeed.com/채용보기?jk=432b169b273d9964
안드로이드/ 윈도우서버 스프링 개발자 / 풀스택 개발자 정규직,thecompany,경상남도,https://kr.indeed.com/채용보기?jk=879b70d978f1c14f
[해외취업] Sales Application Engineer,Materialise Sdn Bhd,대한민국,https://kr.indeed.com/채용보기?jk=35f16e65f031d7e9
Platform/BSP SW APPS Engineering - Engineer/Sr. Engineer,Qualcomm,서울,https://kr.indeed.com/채용보기?jk=9ba11226adbb856d
8퍼센트 경력 개발자,8퍼센트,서울 종로구,https://kr.indeed.com/채용보기?jk=464ef95516a5fa5c
MPK / MPI-SD Joint Postdoctoral Position for Ultrafast Nonlinear Spectroscopy in Solids (Theory),POSTECH / Max Planck POSTECH/KOREA Res. Init.,대한민국,https://kr.indeed.com/채용보기?jk=e11bc11a4d72cc54
데이터 사이언스 전문가 및 머신러닝 전문가,카카오,성남 판교역,https://kr.indeed.com/채용보기?jk=85929aac498299cc
퍼즐데이터 역량있는 데이터 분석가,주식회사퍼즐데이터,서울 역삼동,https://kr.indeed.com/채용보기?jk=116009dbf59211ed
"Front End Software Engineer, TensorFlow",Google,서울,https://kr.indeed.com/채용보기?jk=bb22e1b9b7683013
데이터 엔지니어,크로스앵글,서울 여의도,https://kr.indeed.com/채용보기?jk=ae15250b0a7f47e0
Data Analytics 부문 경력사원 공개모집,SSG.COM,서울 회현동,https://kr.indeed.com/채용보기?jk=e7346b74d7029db0
[IT대기업] AI 플랫폼 구조개선/운영 효율화,에이스파트너스서치펌,서울,https://kr.indeed.com/채용보기?jk=92f06a4621f935c7
Research Engineer - Machine Learning,AITRICS,서울,https://kr.indeed.com/채용보기?jk=05ce3c7d5c6c368c
"Java, Python 영상툴 개발자",에이아이메이커,서울 마곡동,https://kr.indeed.com/채용보기?jk=cae2de07045cfb2b
서울 강남구 인썸니아 시니어 개발자 및 퍼블리셔,인썸니아,서울 서초구,https://kr.indeed.com/채용보기?jk=6c1d50662fa2d7f7
분석실 - 베이지안 분석 전문가,Nexon,성남 분당구,https://kr.indeed.com/채용보기?jk=19b44e0d17d112e2
Data Engineer,고도소프트,서울 구로구,https://kr.indeed.com/채용보기?jk=68ee194a9d487aac
[Search & Clova] BigData and AI Platform S/W엔지니어 신입/경력사원,네이버,대한민국,https://kr.indeed.com/채용보기?jk=7d85150a375cfacf
Virtual Environment Simulation Engineer,네이버랩스,성남 분당구,https://kr.indeed.com/채용보기?jk=1f8241bde59958c8
"금융 데이터 분석 엔진, 로보어드바이저 개발자",에스비씨엔,서울 영등포구,https://kr.indeed.com/채용보기?jk=649ccf047c868778
AI agent QA(Quality Assurance) Engineer,현대자동차,대한민국,https://kr.indeed.com/채용보기?jk=7ef22311fbf5c3c0
SDET Engineer,Nielsen,서울,https://kr.indeed.com/채용보기?jk=c46c1d3d5b3fb904
Django + Python 웹개발,(주)딕스코리아,서울 가산디지털단지역,https://kr.indeed.com/채용보기?jk=d7a5d7d67068b597
백엔드 파운트 시스템 엔지니어 (현재 급여수준 이상 보장),파운트,서울 충정로역,https://kr.indeed.com/채용보기?jk=d6c05c588971df5a
Software Engineer / Sr. Software Engineer(C++ / Python Developer),Nielsen,서울,https://kr.indeed.com/채용보기?jk=686cdc6df95f159f
네이버 UGC 데이터 분석/운영 개발자 모집,NAVER,성남 정자동,https://kr.indeed.com/채용보기?jk=6d8b59554c6f370b
Financial Controller with Data Science,Continental,대한민국,https://kr.indeed.com/채용보기?jk=6218cd959f0f6bd4
위시켓과 함께할 서버개발자님,위시켓,서울 강남구,https://kr.indeed.com/채용보기?jk=a3a65a4d59061430
11번가 IaC(Infra as Code) Engineer 분야,십일번가,서울 중구,https://kr.indeed.com/채용보기?jk=8f6cb0fb399e9e32
[KSTEC] 통계/Analytics 경력사원,지식시스템,성남 분당구,https://kr.indeed.com/채용보기?jk=9ce21c09147387cb
Senior Technical Consultant,MathWorks,서울,https://kr.indeed.com/채용보기?jk=22a5590c81649937
"카카오콘 앱(iOS), 서버 경력 개발자",카카오,대한민국,https://kr.indeed.com/채용보기?jk=b9974ad79659bb6d
데이터 분석 및 지표 구축,아프리카TV,성남 분당구,https://kr.indeed.com/채용보기?jk=1d95b1dac345f2ca
Solution Architect,Kinaxis,서울,https://kr.indeed.com/채용보기?jk=606646e13ad5c569
[개발]상담시스템 백엔드 개발자(정규직),위메프,대한민국,https://kr.indeed.com/채용보기?jk=9b123ff73f89c0e5
"Application Engineer, Sr II",Synopsys,서울,https://kr.indeed.com/채용보기?jk=8c8700db243d1a3c
[던전앤파이터] 2D/3D 그래픽 기술개발 부문 (TA/엔진프로그래머/툴 프로그래머),네오플,서울 강남구,https://kr.indeed.com/채용보기?jk=ed8f2d4e613fb977
TECH U Associate Solutions Architect - 2020 Korea,Amazon Web Services Korea LLC,서울,https://kr.indeed.com/채용보기?jk=d66914db200312e0
Tech U Associate Professional Services Consultant - 2020 Korea,Amazon Web Services Korea LLC,서울,https://kr.indeed.com/채용보기?jk=881a1aa0f0646335
Sr. Software Engineer,Wish,서울,https://kr.indeed.com/채용보기?jk=4d40419f88f938c0
Public 클라우드 환경 AI 플랫폼 상용화/ 구조개선/운영 효율화,에이스파트너스서치펌,서울,https://kr.indeed.com/채용보기?jk=efdbdb9cb734f9c4
"드론 데이터 스타트업, 엔젤스윙 엔지니어",엔젤스윙,서울 관악구,https://kr.indeed.com/채용보기?jk=d017610d9828199c
R&D 연구원,홍익대학교 무인이동체자율항법연구실,서울 마포구,https://kr.indeed.com/채용보기?jk=40acc204682e5219
Database Engineer (Storage Platform),Coupang,서울,https://kr.indeed.com/채용보기?jk=94f2bbbeb53f3458
Sr. Data Scientist,Amazon Web Services Korea LLC,서울,https://kr.indeed.com/채용보기?jk=d63f81f49bfdc208
[개발]위메프패션 백엔드 개발자(정규직),위메프,대한민국,https://kr.indeed.com/채용보기?jk=b0e9252f0c2cf6ec
"Director, Software Engineering (Coupang Eats)",Coupang,서울,https://kr.indeed.com/채용보기?jk=a6a4b500fa0340d4
Junior Full-Stack Developer,Asiance,서울,https://kr.indeed.com/채용보기?jk=7268328c0d71d81c
Engineer II - Test GSO,"Advanced Energy Industries, Inc",서울,https://kr.indeed.com/채용보기?jk=962ccc68c40fa2d8
"Solution Architect, Data Scientist - WWFO",NVIDIA,서울,https://kr.indeed.com/채용보기?jk=475bfcb9fe2956fa
MPK / MPI-SD Joint Postdoctoral Position for Ultrafast Nonlinear Spectroscopy in Solids (Theory),POSTECH / Max Planck POSTECH/KOREA Res. Init.,대한민국,https://kr.indeed.com/채용보기?jk=e11bc11a4d72cc54
[펜타시큐리티/아우토크립트] 차량 보안 솔루션 연구개발자,펜타시큐리티시스템,서울 영등포구,https://kr.indeed.com/채용보기?jk=55dfa0b257382e60
"Principal, QA Engineer (Seller Portal)",Coupang,서울,https://kr.indeed.com/채용보기?jk=73ecc36bb6231f81
[Search&Clova] Clova 챗봇 Platform 개발 신입/경력사원,네이버,대한민국,https://kr.indeed.com/채용보기?jk=b2cfcc7d4b79c216
Senior Data Scientist - AWS Professional Services,Amazon Web Services Korea LLC,서울,https://kr.indeed.com/채용보기?jk=37da5b148b2d3ef4
Software Developer - Front-End / Back-End,AITRICS,서울,https://kr.indeed.com/채용보기?jk=5123207a169f90eb
"Technical Specialist, Professional Services (Korean, English)",Google,서울,https://kr.indeed.com/채용보기?jk=fa839fed02943ef7
Data Analyst (FC & Transportation),Coupang,서울,https://kr.indeed.com/채용보기?jk=872e4ef109d7872a
데이터분석가(게임어뷰징 탐지),Nexon,성남 분당구,https://kr.indeed.com/채용보기?jk=ea3b136c0ff59524
[Search & Clova] 글로벌 콘텐츠 검색/ AI 기술 개발 신입/경력사원,네이버,대한민국,https://kr.indeed.com/채용보기?jk=90104004fabe2502
[온라인공채] ZUM 데이터 분석(경력),미래에셋제5호기업인수목적,서울 서초구,https://kr.indeed.com/채용보기?jk=7eb726eeabdf393d
데이터 분석가(팀장급),리디,서울,https://kr.indeed.com/채용보기?jk=62c516d05ac032ba
게임이상탐지팀 서비스 개발자,Nexon,성남 분당구,https://kr.indeed.com/채용보기?jk=e787fde04b998e1a
[개발]위메프오 서비스 서버개발자(정규직),위메프,대한민국,https://kr.indeed.com/채용보기?jk=5f3a399e83a81379
[Robotics] Deep Reinforcement Learning Engineer,네이버,대한민국,https://kr.indeed.com/채용보기?jk=05d6f01f9a494a1b
[해외취업] AI 엔지니어,株式会社ASCOM,대한민국,https://kr.indeed.com/채용보기?jk=67a92be234325f85
데이터 사이언티스트 / Data Scientist,Bagelcode,서울,https://kr.indeed.com/채용보기?jk=d0ae3cf7638734ac
인공지능AI 기술연구개발(신입/경력),아이디어콘서트,성남 분당구,https://kr.indeed.com/채용보기?jk=d7e490bf343e5721
[신세계아이앤씨] (주)신세계아이앤씨 상반기 시스템운영/개발 부문 인재모집,신세계,대한민국,https://kr.indeed.com/채용보기?jk=39c7aea684076307
Data Scientist,Terra,서울,https://kr.indeed.com/채용보기?jk=83883bfd1f662d69
[대형보험사] 딥러닝 엔지니어 (사원~과장급),커리어라임즈,서울,https://kr.indeed.com/채용보기?jk=aa4786d0220985ac
딥러닝 전문연구요원 특별,베이리스,성남 수정구,https://kr.indeed.com/채용보기?jk=bfc63c0dc39852e3
(IT인프라) 보안팀 엔지니어,크래프톤,성남 백현동,https://kr.indeed.com/채용보기?jk=91d6041cfb272f25
인프라 플랫폼 개발자,고도소프트,서울 구로구,https://kr.indeed.com/채용보기?jk=2b1c5b35b97700fc
IT기획(대리-과장급) 초빙 - 유명 유통사,로이스에이치알,서울,https://kr.indeed.com/채용보기?jk=d48c925acb7e4187
데이터 사이언티스트 지향하는 데이터 엔지니어,카카오,성남 판교역,https://kr.indeed.com/채용보기?jk=385c58c7ced1d77b
Cloud Solution Architect,Microsoft,서울,https://kr.indeed.com/채용보기?jk=e6662326a6c95612
BI 운영 그룹 주력계열사,그룹 주력계열사,서울특별시,https://kr.indeed.com/채용보기?jk=e5098c47e3662580
Sales Engineer (APAC),SendBird,서울,https://kr.indeed.com/채용보기?jk=e38f22d6852a857a
[메가존] 2020년 상반기 구글클라우드 직무별,메가존,서울 강남구,https://kr.indeed.com/채용보기?jk=072e19aecc5926bb
Data Analyst (CRM),Coupang,서울,https://kr.indeed.com/채용보기?jk=e36af236652e8e9d
2020 상반기 개발직군,딜리버리히어로코리아,서울 서초구,https://kr.indeed.com/채용보기?jk=518298c796a11371
Developer Advocate,SendBird,서울,https://kr.indeed.com/채용보기?jk=dc821489255954fd
글로벌&모바일 플랫폼 운영을 담당할 를 합니다.,Nexon,성남 분당구,https://kr.indeed.com/채용보기?jk=281fb1cb3dff0cf8
Solutions Architect - Amazon Connect,Amazon Web Services Korea LLC,서울,https://kr.indeed.com/채용보기?jk=5c6723a17ad467f6
Quant 트레이딩 부문,벨에포크자산운용,대한민국,https://kr.indeed.com/채용보기?jk=3e617a8ed7934773
IoT/빅데이터 관련 웹 솔루션 개발자(java/python),유비벨록스모바일,서울 구로구,https://kr.indeed.com/채용보기?jk=85dd040bbe01ea3d
[KSTEC] 2020년 신입 및 경력 (SW개발자),지식시스템,성남 분당구,https://kr.indeed.com/채용보기?jk=73ec78a2017fc02b
경험최적화파트 - 머신러닝 엔지니어,Nexon,성남 분당구,https://kr.indeed.com/채용보기?jk=7bf179a290a157b2
Data & AI Technical Specialist,IBM,서울,https://kr.indeed.com/채용보기?jk=9437c9fdc6462773
Robot SW Engineer 그룹 IT인프라 구축,그룹 IT인프라 구축,서울특별시,https://kr.indeed.com/채용보기?jk=7c7f6f9c070d78bd
클라우드서비스 언더클라우드 서버 개발자 모집,카카오엔터프라이즈,성남 삼평동,https://kr.indeed.com/채용보기?jk=e315dc2d6850be87
"인공지능(AI), 딥러닝 신입/경력 정규직",네오컨버전스,서울 성동구,https://kr.indeed.com/채용보기?jk=552198485f4ad2da
TOIION 토이온 전산 인프라 운영 스탭,토이온,성남 수정구,https://kr.indeed.com/채용보기?jk=c7c315d68ab45e13
웹 개발자 채용,꿈꾸는다락방,서울 공덕동,https://kr.indeed.com/채용보기?jk=3cc6771ec537db8c
"기술연구소 정규직 연력(Java, C++, Python, 기타) 및 ERP 개발인력",파인씨앤아이,서울 송파구,https://kr.indeed.com/채용보기?jk=99f592d0e69ead72
"비젼 프로그램 개발, 자동제어 외 경력 정규직",에프피에이,경기도 화성,https://kr.indeed.com/채용보기?jk=338660b483fec9e9
[대형보험사] 빅데이터 엔지니어 (사원~대리급),커리어라임즈,서울,https://kr.indeed.com/채용보기?jk=03b6d0d5e9de3616
AI Engineer (얼굴모션 캡처기술) 인공지능(AI) 연구개발 전문기업 new,인공지능(AI) 연구개발 전문기업,경기도,https://kr.indeed.com/채용보기?jk=4fa50f2ffd370bae
(클라우드서비스)네트워크 개발자 모집,카카오엔터프라이즈,성남 삼평동,https://kr.indeed.com/채용보기?jk=282b7f31b5737f09
GNI 소프트웨어 개발자,KAN,울산 북구,https://kr.indeed.com/채용보기?jk=b2ebc1da56d8b120
MPK / MPI-SD Joint Postdoctoral Position for Ultrafast Nonlinear Spectroscopy in Solids (Theory),POSTECH / Max Planck POSTECH/KOREA Res. Init.,대한민국,https://kr.indeed.com/채용보기?jk=e11bc11a4d72cc54
"Python, C·C++ 가능한 영상처리/비젼 개발자 정규직",에바,성남 수정구,https://kr.indeed.com/채용보기?jk=375b9893c3001c55
[보안]보안솔루션 운영 담당자(정규직),위메프,대한민국,https://kr.indeed.com/채용보기?jk=84fd4c2127309eea
카카오 전체의 사용자 플랫폼 만들 서버개발자,카카오,성남 판교역,https://kr.indeed.com/채용보기?jk=6d479593b544fa68
Principle Business Analysis (eCommerce Finance),Coupang,서울,https://kr.indeed.com/채용보기?jk=1ea7188c1b87f679
PMIC S/W APPS Engineering – Senior to Staff,Qualcomm,서울,https://kr.indeed.com/채용보기?jk=01cdfff2d55c2fa5
[경력] SW개발자 - 정규직,애드인텔리전스,서울 광진구,https://kr.indeed.com/채용보기?jk=9b686bf45b28b6ea
로봇 시뮬레이션 API 개발자,에스티앤아이,울산 중구,https://kr.indeed.com/채용보기?jk=555a71e0e76fb314
주니어 데이터 사이언티스트 / Junior Data Scientist,Bagelcode,서울,https://kr.indeed.com/채용보기?jk=81848f01b547f90b
[개발]웹 서비스 개발자(정규직),위메프,대한민국,https://kr.indeed.com/채용보기?jk=9bff6cc5a8f53e6e
빅데이터 활용 개발 경력사원,네이버,대한민국,https://kr.indeed.com/채용보기?jk=c534734c041454d8
[TmaxData/기술] 제품 QA 신입 및 경력,티맥스소프트,성남 분당구,https://kr.indeed.com/채용보기?jk=361120b70c6120d6
개발직군 연계형 인턴십,인포섹,성남 분당구,https://kr.indeed.com/채용보기?jk=9b3b43bfe4f351ce
소프트웨어 아키텍트,5년차 소프트웨어 개발 중소기업,서울 마포구,https://kr.indeed.com/채용보기?jk=f53ddadeae2f3625
심플로지스와 미래 함께하실 유능한 인재(개발자 및 고객관리) 찾고 있습니다.,심플로지스,인천 연수구,https://kr.indeed.com/채용보기?jk=e5cee26a48a7c115
Site Engineering Leader,Wish,서울,https://kr.indeed.com/채용보기?jk=f8d8cbfce9b1c143
"Principal, Data Engineer (EDW Data Processing)",Coupang,서울,https://kr.indeed.com/채용보기?jk=f79f6cd3e91fcc1a
Senior Business Transformation Consultant - Data and Analytics,IBM,서울,https://kr.indeed.com/채용보기?jk=bbf4dac3628bafe6
블록체인 시스템 엔지니어 양성과정,에프앤이노에듀,서울,https://kr.indeed.com/채용보기?jk=6ddd6cc2b78a4dcb
Consultant: Green Growth Index Simulation Tool Programmer/Modeler,Global Green Growth Institute,대한민국,https://kr.indeed.com/채용보기?jk=e26a3d7d12a95bd8
DBA담당자,해커스,서울 강남구,https://kr.indeed.com/채용보기?jk=1f7f2b48cf91125b
(IT대기업)AI 활용방안모색/적용 전략 수립 (서울),에이스파트너스서치펌,서울 강남구,https://kr.indeed.com/채용보기?jk=62ddf29a73dbe387
[개발]신사업 프론트 개발자(정규직),위메프,대한민국,https://kr.indeed.com/채용보기?jk=57aa1b90d7626f69
IT대기업 데이터 분석/마케팅/컨설팅/전략/기획,IT대기업,서울,https://kr.indeed.com/채용보기?jk=ac0685d33e903fb5
[Search & Clova] 네이버 웹검색 연구/개발 경력사원,네이버,대한민국,https://kr.indeed.com/채용보기?jk=37127548f83bb7f7
경력사원 수시,두산 디지털이노베이션,서울,https://kr.indeed.com/채용보기?jk=dcafe087f86aaa47
Software Engineer - Seoul,"Moloco, Inc.",서울,https://kr.indeed.com/채용보기?jk=4206cd042c6633c1
광학솔루션사업부 경력사원 (인재Pool),LG이노텍,경상북도 구미,https://kr.indeed.com/채용보기?jk=b8f9206dc9c4a886
Lead Application Backend Developer – Mobile,BOEING,서울,https://kr.indeed.com/채용보기?jk=8624753c574a9d25
"(주)트윔 개발자(경력직) 빅데이터,영상처리,머신비전/AI 딥러닝",트윔,경기도 화성,https://kr.indeed.com/채용보기?jk=af1c75601986e224
SAP Architect,Amazon Web Services Korea LLC,서울,https://kr.indeed.com/채용보기?jk=1a5cda61b51c21b7
[NHN Service] [판교]기술지원 경력,엔에이치엔서비스,성남 분당구,https://kr.indeed.com/채용보기?jk=0ce604f78d27b2f2
주요정보통신기반시설 취약점분석평가 전문인력(경력직),한국정보기술단,과천 과천시,https://kr.indeed.com/채용보기?jk=f8b1270b1176f7f3
[라프텔] 서버(백엔드) 개발자,RIDI Corp,서울,https://kr.indeed.com/채용보기?jk=fc7028b6cb17fa5b
Lead Technical Solutions Engineer,MightyHive,서울,https://kr.indeed.com/채용보기?jk=ae2c6294bc277408
백엔드 개발자 (경력),크로스앵글,서울 여의도,https://kr.indeed.com/채용보기?jk=af5683389907a8c9
8퍼센트 개발자 (신입/경력),8퍼센트,서울 종로구,https://kr.indeed.com/채용보기?jk=8af26b37623864c4
모바일 앱 보안 솔루션 개발부문,스틸리언,서울 용산구,https://kr.indeed.com/채용보기?jk=6718bba08ef6e20b
데이터인프라개발팀 - 데이터 플랫폼 엔지니어,Nexon,성남 분당구,https://kr.indeed.com/채용보기?jk=73457e281df2be21
Data Analyst,"Miso, inc",서울,https://kr.indeed.com/채용보기?jk=4a94f2401f999ab6
AI Engineer (바디모션 캡처기술) 인공지능(AI) 연구개발 전문기업 new,인공지능(AI) 연구개발 전문기업,경기도,https://kr.indeed.com/채용보기?jk=8925ce6bab9d00d6
파이썬SW 금융분야 특화 챗봇 개발 함께 할 엔지니어,파운트,서울 충정로역,https://kr.indeed.com/채용보기?jk=ffd9cedb23e97344
Senior Application Engineer - Technical Computing and AI,MathWorks,서울,https://kr.indeed.com/채용보기?jk=66520543e9bb139c
검색서비스 서버 개발 신입/경력,포티투마루,서울 관악구,https://kr.indeed.com/채용보기?jk=e010f7780d479126
"Principal, Strategic Planning",Coupang,서울,https://kr.indeed.com/채용보기?jk=8b29e16a2f9665f2
"응용프로그램개발, 인공지능 신입/경력 정규직",퓨처메인,수원 영통구,https://kr.indeed.com/채용보기?jk=d0650e2aa74d1287
Python 백앤드엔지니어,케이원파트너스,서울 서초구,https://kr.indeed.com/채용보기?jk=49fa26d981f65ae7
소프트웨어 엔지니어,Nexon,성남 분당구,https://kr.indeed.com/채용보기?jk=d71794dc69947981
인공지능 딥러닝 프로그램 개발 (C#/Python/C·C++),에이아이웨어,성남 분당구,https://kr.indeed.com/채용보기?jk=740e13288ddbbed3
데이터분석 전문가 신입·경력·전문연구요원,베가스,서울 강남구,https://kr.indeed.com/채용보기?jk=8bda582040d41076
카카오톡 신규 서비스 서버 개발자,카카오,성남 판교역,https://kr.indeed.com/채용보기?jk=de210ffb5a9ee0c4
MPK / MPI-SD Joint Postdoctoral Position for Ultrafast Nonlinear Spectroscopy in Solids (Theory),POSTECH / Max Planck POSTECH/KOREA Res. Init.,대한민국,https://kr.indeed.com/채용보기?jk=e11bc11a4d72cc54
"[해외취업] 누리누비, 시스템개발자/응용프로그래머",에임하이글로벌,대한민국,https://kr.indeed.com/채용보기?jk=fbbf7d68c624426f
1분기 Software Engineer,이스트게임즈,서울 서초구,https://kr.indeed.com/채용보기?jk=5b535959b55b796c
Data Engineer,고도소프트,서울 구로구,https://kr.indeed.com/채용보기?jk=68ee194a9d487aac
[Autonomous Driving] Software Tool Engineer,네이버랩스,성남 분당구,https://kr.indeed.com/채용보기?jk=f13d84719e788dbb
"Principal, Strategic Planning",Coupang,서울,https://kr.indeed.com/채용보기?jk=8b29e16a2f9665f2
SI 프로젝트 개발자 (계약직 및 프리랜서),케이포시큐리티,서울 구로구,https://kr.indeed.com/채용보기?jk=ee5df99ada829d81
Technical / UX Writer,SendBird,서울,https://kr.indeed.com/채용보기?jk=e5c63f4e86ceefda
금융대기업 Data Scientist 채용 (선임~수석),금융대기업 연구소,서울,https://kr.indeed.com/채용보기?jk=88ac31d32dd114a5
VP of Engineering,"Miso, inc",서울,https://kr.indeed.com/채용보기?jk=f5db97b4d95cbc04
[개발]웹 서비스 개발자(정규직),위메프,대한민국,https://kr.indeed.com/채용보기?jk=9bff6cc5a8f53e6e
데이터플랫폼실 - Software Engineer,Nexon,성남 분당구,https://kr.indeed.com/채용보기?jk=6ecc8058c1538843
Solution Architect,OSF Commerce,대한민국,https://kr.indeed.com/채용보기?jk=80aabe146d2855e5
백엔드 개발자 (경력),크로스앵글,서울 여의도,https://kr.indeed.com/채용보기?jk=af5683389907a8c9
퀀트 개발자 (Quant Developer),ATZ Inc.,서울,https://kr.indeed.com/채용보기?jk=f6fe4d192f210bc7
Deep Learning Architect,Amazon Web Services Korea LLC,서울,https://kr.indeed.com/채용보기?jk=9f7af88b0ef15493
심플로지스와 미래 함께하실 유능한 인재(개발자 및 고객관리) 찾고 있습니다.,심플로지스,인천 연수구,https://kr.indeed.com/채용보기?jk=e5cee26a48a7c115
Senior Data Architect,Amazon Web Services Korea LLC,서울,https://kr.indeed.com/채용보기?jk=06c262a673804071
"드론 데이터 스타트업, 엔젤스윙 엔지니어",엔젤스윙,서울 관악구,https://kr.indeed.com/채용보기?jk=d017610d9828199c
Sales Manager (Born in the Cloud),Hewlett Packard Enterprise,서울,https://kr.indeed.com/채용보기?jk=1b68be0d8cba9f3e
[카카오 클라우드] 플랫폼 포털 개발자,카카오,성남 판교역,https://kr.indeed.com/채용보기?jk=383d4c8a7156b52b
DBA담당자,해커스,서울 강남구,https://kr.indeed.com/채용보기?jk=1f7f2b48cf91125b
Quant 트레이딩 부문,벨에포크자산운용,대한민국,https://kr.indeed.com/채용보기?jk=3e617a8ed7934773
[배민서비스실] 검색서비스 개발자,우아한 형제들,서울 송파구,https://kr.indeed.com/채용보기?jk=1241d1e756b15ce4
자연어처리전문가 금융챗봇 만들어 갈 엔지니어,파운트,서울 충정로역,https://kr.indeed.com/채용보기?jk=a50fce6cc2cb57c9
[에이치랩] Front-end 개발자,에이치랩,서울 마포구,https://kr.indeed.com/채용보기?jk=a311c91c361c70f3
데이터 엔지니어,크로스앵글,서울 여의도,https://kr.indeed.com/채용보기?jk=ae15250b0a7f47e0
[테스트웍스] 응용프로그래머 담당 경력직,테스트웍스,서울 송파구,https://kr.indeed.com/채용보기?jk=dc47d6c4c6f05698
"[해외취업] 베리텍, 시스템개발자/응용프로그래머",에임하이글로벌,대한민국,https://kr.indeed.com/채용보기?jk=ad1bf1198b168944
[테스트웍스] QA엔지니어 담당 경력직,테스트웍스,서울 송파구,https://kr.indeed.com/채용보기?jk=15fa7235e775c5e4
네이버 UGC 데이터 분석/운영 개발자 모집,NAVER,성남 정자동,https://kr.indeed.com/채용보기?jk=6d8b59554c6f370b
퀀트운용본부 경력사원,디비자산운용,대한민국,https://kr.indeed.com/채용보기?jk=eeeef3d29a52a970
생명 IT운영팀 경력 「클라우드솔루션스아키텍트(Cloud SA)」,한화생명,대한민국,https://kr.indeed.com/채용보기?jk=8f4986d92329ae71
클라우드서비스 언더클라우드 서버 개발자 모집,카카오엔터프라이즈,성남 삼평동,https://kr.indeed.com/채용보기?jk=e315dc2d6850be87
카카오 전체의 사용자 플랫폼 만들 서버개발자,카카오,성남 판교역,https://kr.indeed.com/채용보기?jk=6d479593b544fa68
[개발]위메프오 서비스 서버개발자(정규직),위메프,대한민국,https://kr.indeed.com/채용보기?jk=5f3a399e83a81379
BI 운영 그룹 주력계열사,그룹 주력계열사,서울특별시,https://kr.indeed.com/채용보기?jk=e5098c47e3662580
인프라 플랫폼 개발자,고도소프트,서울 구로구,https://kr.indeed.com/채용보기?jk=2b1c5b35b97700fc
[에이치랩] 웹 개발자(Back-end),에이치랩,서울 마포구,https://kr.indeed.com/채용보기?jk=7f0f05a7cbb72be3
빅데이터 활용 개발 경력사원,네이버,대한민국,https://kr.indeed.com/채용보기?jk=c534734c041454d8
(IT인프라) 보안팀 엔지니어,크래프톤,성남 백현동,https://kr.indeed.com/채용보기?jk=91d6041cfb272f25
AI/IoT 연구 개발자 채용,(주)트리플렛,서울 마포구,https://kr.indeed.com/채용보기?jk=82f5d2aebb1bbf3a
안드로이드/ 윈도우서버 스프링 개발자 / 풀스택 개발자 정규직,thecompany,경상남도,https://kr.indeed.com/채용보기?jk=879b70d978f1c14f
모바일앱 분석툴 유저해빗 웹개발자,유저해빗,서울 마포구,https://kr.indeed.com/채용보기?jk=7f28afa9faba22bd
Cloud Solution Architect,Microsoft,서울,https://kr.indeed.com/채용보기?jk=e6662326a6c95612
[Autonomous Driving] Software Tool Engineer,네이버,대한민국,https://kr.indeed.com/채용보기?jk=84348b9371558933
Senior Application Engineer - Technical Computing and AI,MathWorks,서울,https://kr.indeed.com/채용보기?jk=66520543e9bb139c
"(주)트윔 개발자(경력직) 빅데이터,영상처리,머신비전/AI 딥러닝",트윔,경기도 화성,https://kr.indeed.com/채용보기?jk=af1c75601986e224
(KIS채권평가) 신입/경력 채용공고(평가사업본부),키스채권평가,서울 여의도,https://kr.indeed.com/채용보기?jk=dedae92db8cf90d6
지스트 블록체인인터넷경제연구센터 계약직(연구원),광주과학기술원,광주 북구,https://kr.indeed.com/채용보기?jk=ab157cc80acdbe96
(주)아이옵스 S/W개발 경력사원,아이옵스,대전 유성구,https://kr.indeed.com/채용보기?jk=5b3c47309e4b6171
MPK / MPI-SD Joint Postdoctoral Position for Ultrafast Nonlinear Spectroscopy in Solids (Theory),POSTECH / Max Planck POSTECH/KOREA Res. Init.,대한민국,https://kr.indeed.com/채용보기?jk=e11bc11a4d72cc54
[온라인공채] ESTsecurity 웹프론트 개발 (경력),이스트시큐리티,서울 서초구,https://kr.indeed.com/채용보기?jk=106abbac17334486
[온라인공채] ESTsecurity 서버 백엔드 개발 (경력),이스트시큐리티,서울 서초구,https://kr.indeed.com/채용보기?jk=de80829dfb03d602
Cross Border Ecommerce - Business Intelligence (Based in Seoul),Shopee,서울,https://kr.indeed.com/채용보기?jk=b574f1454ae36aab
(주)엔디소프트 2020년도 개발자,엔디소프트,부산 해운대구,https://kr.indeed.com/채용보기?jk=2a2fb5091859871a
[인턴] RCS(Risk Consulting Services) 본부 Forensic(Forensic Technology 팀) 업무보조 인턴,삼정 KPMG,서울 강남구,https://kr.indeed.com/채용보기?jk=e4e36162481db73f
[대형보험사] 클라우드솔루션스아키텍트(Cloud SA) (사원~대리급),커리어라임즈,서울,https://kr.indeed.com/채용보기?jk=883224a16bb6a233
한글 Q&A 시스템 연구 개발 신입/경력사원,포티투마루,서울 관악구,https://kr.indeed.com/채용보기?jk=6f88041c28b6c1ae
IT 솔루션 기업 기술지원 담당자 2명 (경력/신입),포커스에이치알,서울 강남구,https://kr.indeed.com/채용보기?jk=de763f010a5f1252
Discovery ML Engineer,딜리버리히어로코리아,서울 서초동,https://kr.indeed.com/채용보기?jk=b59aefbf5af2d7ea
Software Engineer,ODK Media Inc,서울 강남구,https://kr.indeed.com/채용보기?jk=83ff9361159cd219
"Principal, Data Scientist (Data Platform)",Coupang,서울,https://kr.indeed.com/채용보기?jk=f8de9004dab92f5d
IT 솔루션 기업 SW 개발자 2명 (경력 / 신입),포커스에이치알,서울 강남구,https://kr.indeed.com/채용보기?jk=1fba47127c0552ba
Software Engineer - Back-end Web,SendBird,서울,https://kr.indeed.com/채용보기?jk=615168b399422305
[에이치랩] Front-end 개발자,에이치랩,서울 마포구,https://kr.indeed.com/채용보기?jk=a311c91c361c70f3
Cloud Storage Architect 국내 IT 대기업,국내 IT 대기업,서울특별시,https://kr.indeed.com/채용보기?jk=703240f1af245dde
Sales Manager (Born in the Cloud),Hewlett Packard Enterprise,서울,https://kr.indeed.com/채용보기?jk=1b68be0d8cba9f3e
금융대기업 Data Scientist 채용 (선임~수석),금융대기업 연구소,서울,https://kr.indeed.com/채용보기?jk=88ac31d32dd114a5
데이터인프라개발팀 - 데이터 엔지니어,Nexon,성남 분당구,https://kr.indeed.com/채용보기?jk=c499b3dde5c2e196
Customer Facing Data Scientist,Ever Better Recruitment (EBR),서울,https://kr.indeed.com/채용보기?jk=b06176c3a7092e0a
"글로벌 플랫폼 쉴드 개발(인증보안,이상결제,평판 등)",Nexon,성남 분당구,https://kr.indeed.com/채용보기?jk=07f425a9fb3ee67b
[해외취업] 애리조나에 위치한 물류서비스 회사 #N사 IT 인턴 !,IGEWORLD,대한민국,https://kr.indeed.com/채용보기?jk=34d498e0e05c5e60
기업부설연구소 경력직 채용공고,다나와,서울 목동,https://kr.indeed.com/채용보기?jk=1b7eb3866d9df69b
CUBRID 오픈 소스 프로젝트 개발,큐브리드,서울 강남구,https://kr.indeed.com/채용보기?jk=c7a6cbee7ca553f4
Technical Trainer - Amazon Web Services,Amazon Web Services Korea LLC,서울,https://kr.indeed.com/채용보기?jk=f044d9361c664f80
Linux/Python/PHP/MySQL/백엔드 정규직 경력,일루미나리안,용인 보정동,https://kr.indeed.com/채용보기?jk=04d685fc70b67d4e
[배민서비스실] 소프트웨어 품질 엔지니어,우아한 형제들,서울 송파구,https://kr.indeed.com/채용보기?jk=8dfd75b2964c9c47
[테스트웍스] 응용프로그래머 담당 경력직,테스트웍스,서울 송파구,https://kr.indeed.com/채용보기?jk=dc47d6c4c6f05698
Data Specialist (Scientist&&Engineer),아우름플래닛,서울 마포구,https://kr.indeed.com/채용보기?jk=dd4d8e59a4a9265d
파이썬 중급개발자,퓨쳐위즈,서울 강남구,https://kr.indeed.com/채용보기?jk=5ee29e41129934a3
(주)테라젠이텍스 바이오연구소 웹개발자 (정규직),테라젠이텍스 바이오연구소,수원 영통구,https://kr.indeed.com/채용보기?jk=9a6c7e28b38178d3
스포카(도도포인트)프로그래머/PM/기획 채용,스포카,서울 역삼동,https://kr.indeed.com/채용보기?jk=c663e60e53d11e2b
기술지원엔지니어 & 연구개발직,엑스큐어넷,서울 신사동,https://kr.indeed.com/채용보기?jk=0a3b0b6dfcd4ea4c
NXLog팀 - 소프트웨어 엔지니어,Nexon,성남 분당구,https://kr.indeed.com/채용보기?jk=c13abffb44505877
링크샵스 플랫폼 개발 및 유지보수 담당,링크샵스,서울 중구,https://kr.indeed.com/채용보기?jk=a6d0f0030a9ad230
배달로봇 dilly 로봇 소프트웨어 엔지니어(자율주행) (7년이상),우아한 형제들,서울 송파구,https://kr.indeed.com/채용보기?jk=525c983d344fe53a
데이터 엔지니어,myrealtrip,서울,https://kr.indeed.com/채용보기?jk=0aa5f158999a8f91
"인공지능(AI), 데이터분석 외 신입/경력 계약직",나라스페이스테크놀로지,부산 영도구,https://kr.indeed.com/채용보기?jk=08886d865f1ef1f7
[포스피드] 백앤드 개발 경력직 (정규직),헬로월드,서울 강남구,https://kr.indeed.com/채용보기?jk=2df89ff4453791b3
데이터플랫폼실 - Software Engineer,Nexon,성남 분당구,https://kr.indeed.com/채용보기?jk=6ecc8058c1538843
빅데이터 및 AI기반의 마케팅 마케터 및 플랫폼기획자,컨셉터스(CONCEPTERS),서울 강남구,https://kr.indeed.com/채용보기?jk=3d5fd9f21b2081c9
파생운용실 전문계약직,하나금융투자,대한민국,https://kr.indeed.com/채용보기?jk=66df90351d0897e2
Cloud Infrastructure Architect,Amazon Web Services Korea LLC,서울,https://kr.indeed.com/채용보기?jk=d9470ee259f7457b
Back-end Engineer,Terra,서울,https://kr.indeed.com/채용보기?jk=f915f667e4052f91
Technical / UX Writer,SendBird,서울,https://kr.indeed.com/채용보기?jk=e5c63f4e86ceefda
네트워크 자동화 개발자,Nexon,성남 분당구,https://kr.indeed.com/채용보기?jk=5ff17b27cd83a1c0
데브옵스 솔루션 개발자,Nexon,성남 분당구,https://kr.indeed.com/채용보기?jk=692486e7a2b0522e
인간중심 지능형 시스템 연구실 시간제 연구원,광주과학기술원,광주 북구,https://kr.indeed.com/채용보기?jk=67503f27b0365593
응용프로그램개발(C·C++/Python/C#外 2개 부문),카이어,서울 강남구,https://kr.indeed.com/채용보기?jk=58f5e1b4d914a043
Senior Data Architect,Amazon Web Services Korea LLC,서울,https://kr.indeed.com/채용보기?jk=06c262a673804071
[배민서비스실] 검색서비스 개발자,우아한 형제들,서울 송파구,https://kr.indeed.com/채용보기?jk=1241d1e756b15ce4
MPK / MPI-SD Joint Postdoctoral Position for Ultrafast Nonlinear Spectroscopy in Solids (Theory),POSTECH / Max Planck POSTECH/KOREA Res. Init.,대한민국,https://kr.indeed.com/채용보기?jk=e11bc11a4d72cc54
이상탐지팀- 웹프로그래머,Nexon,성남 분당구,https://kr.indeed.com/채용보기?jk=4a426e3ffacd161c
[우아한청년들] 배달 서비스 품질 관리/분석 담당자 (1~5년 이상),우아한 형제들,서울 송파구,https://kr.indeed.com/채용보기?jk=a4dcc6cd7ca38eca
Cloud Application Architect - Professional Services,Amazon Web Services Korea LLC,서울,https://kr.indeed.com/채용보기?jk=ff2f8c996186ab4d
"소프트웨어, 웹 개발자",글로컬드림아카데미,충청남도 아산,https://kr.indeed.com/채용보기?jk=00d70b2fd76eb40f
Principal Business Analysis (Growth Marketing Analytics),Coupang,서울,https://kr.indeed.com/채용보기?jk=2b8a63d6cc91a04c
AI(인공지능) 개발자,휴먼디지털,서울,https://kr.indeed.com/채용보기?jk=d498993697237b33
Front end 개발자,브릭,성남 분당구,https://kr.indeed.com/채용보기?jk=cac18e6bcbee5a21
"대기업 딥러닝 / 빅데이터 프로젝트 경력자 (석사학위이상, 근무지-전남)",대기업(유명그룹사),전라남도 광양,https://kr.indeed.com/채용보기?jk=afa331eb050128f9
[Autonomous Driving] Software Tool Engineer,네이버,대한민국,https://kr.indeed.com/채용보기?jk=84348b9371558933
Software Engineer,Nexon,성남 분당구,https://kr.indeed.com/채용보기?jk=49335253c9d14ed4
Senior Full-Stack Developer,Asiance,서울,https://kr.indeed.com/채용보기?jk=dcbce45dbe2d3679
Senior Robotics Software Engineer,Bear Robotics,서울,https://kr.indeed.com/채용보기?jk=674466316840f8f5
기업부설연구소 경력직 연구원(정규직) 공개,케이포시큐리티,서울 구로구,https://kr.indeed.com/채용보기?jk=94242432ba095bac
DevOps Consultant - Professional Services,Amazon Web Services Korea LLC,서울,https://kr.indeed.com/채용보기?jk=204308e277d085e3
Performance Marketer (SA 중심),Soomgo,서울 강남구,https://kr.indeed.com/채용보기?jk=08ac4426aa2a7bed
[경력] 회계 감사 디지털 전문가 - DPP,삼정 KPMG,서울 강남구,https://kr.indeed.com/채용보기?jk=ce78c705d4b6bced
"Principal, Data Engineer (Pricing Tech)",Coupang,서울,https://kr.indeed.com/채용보기?jk=ed3686b9c2eea9ad
"Principal, Back-end Engineer (Seller Portal)",Coupang,서울,https://kr.indeed.com/채용보기?jk=dbe0f6f7da20d201
"Senior, Database Engineer (Storage Platform)",Coupang,서울,https://kr.indeed.com/채용보기?jk=5a0b53c0cc23d9a7
(KIS채권평가) 신입/경력 채용공고(평가사업본부),키스채권평가,서울 여의도,https://kr.indeed.com/채용보기?jk=dedae92db8cf90d6
저축은행 디지털금융본부 Data Science 팀 CSS운영 경력자,국내자본 저축은행,서울 구로구,https://kr.indeed.com/채용보기?jk=bfb3ee6d45d67013
Data Scientist,해외송금 전문업체,서울 강남구,https://kr.indeed.com/채용보기?jk=e8d1c3f88e0b200b
Big Data Engineer,휴먼디지털,서울,https://kr.indeed.com/채용보기?jk=6863b8ecbee9cb28
지스트 블록체인인터넷경제연구센터 계약직(연구원),광주과학기술원,광주 북구,https://kr.indeed.com/채용보기?jk=ab157cc80acdbe96
[글로벌 Vacuum Pump 제조사] S/W Test Engineer 경력직 채용,(주)씨앤에이코리아,천안 서북구,https://kr.indeed.com/채용보기?jk=7bb1e2b604c071e6
산업용 S/W 프로그래밍 및 개발 전문연구요원 (병역특례),여의시스템,성남 중원구,https://kr.indeed.com/채용보기?jk=399cec6cd2a3b85b
"Technical Solutions Consultant, Android TV Partner Engineering",Google,서울,https://kr.indeed.com/채용보기?jk=92f04fc62c6d6a7a
피스페이스_sw개발직 (시스템 SW 부문),피스페이스,성남 분당구,https://kr.indeed.com/채용보기?jk=9b0229da022a653a
데이터 분석가 / Business Analyst,Bagelcode,서울,https://kr.indeed.com/채용보기?jk=f10477b81840d778
국내 통신사 광고서비스 개발 PM,드래곤에이치알,서울 마포구,https://kr.indeed.com/채용보기?jk=596eb018c75e8cf4
"Principal, Data Engineer (Pricing Competitor Intelligence)",Coupang,서울,https://kr.indeed.com/채용보기?jk=c16d65e660e7e744
[해외취업] SERAKU_WEB개발 엔지니어,글로벌터치코리아,대한민국,https://kr.indeed.com/채용보기?jk=e3ad69884cb3b2cb
저축은행 앱마케팅팀 데이터분석,국내자본 저축은행,서울 구로구,https://kr.indeed.com/채용보기?jk=0ab285258b1cb206
"Technical Design Architect, South Korea",Pure Storage,서울,https://kr.indeed.com/채용보기?jk=1124955926b2559b
(주)엘솔루 개발자,㈜엘솔루,서울,https://kr.indeed.com/채용보기?jk=2a1d77bd91952093
Senior Back-end Developer,Asiance,서울,https://kr.indeed.com/채용보기?jk=27352452ed0a0ea9
플랫폼 개발-프론트엔드/백엔드 개발자,아이디어콘서트,제주 제주시,https://kr.indeed.com/채용보기?jk=3b51b4e35a149067
[FEG] 리버스 엔지니어,창운코리아,서울 구로구,https://kr.indeed.com/채용보기?jk=5faf4a69ab8c86ca
"딥러닝, 인공지능(AI) 외 경력 정규직",블록체인씨앤에스,서울 성동구,https://kr.indeed.com/채용보기?jk=62d8726bc5e89cf8
"Principal, Business Analysis (Coupang Eats)",Coupang,서울,https://kr.indeed.com/채용보기?jk=2cca42ee0951d4be
기후 분석&모델링연구실 시간제연구원,광주과학기술원,광주 북구,https://kr.indeed.com/채용보기?jk=78d1ec77f4a5e0dc
[Autonomous Driving] Software Tool Engineer,네이버랩스,성남 분당구,https://kr.indeed.com/채용보기?jk=f13d84719e788dbb
지스트 블록체인경제센터(강남소재) 계약직(연구원),광주과학기술원,광주 북구,https://kr.indeed.com/채용보기?jk=674370fd38bce0dd
모바일앱 분석툴 유저해빗 웹개발자,유저해빗,서울 마포구,https://kr.indeed.com/채용보기?jk=7f28afa9faba22bd
[공통기술부문] DBA,우아한 형제들,서울 송파구,https://kr.indeed.com/채용보기?jk=48492e2d96cd1faa
지스트 블록체인경제센터(강남소재) 계약직연구원,광주과학기술원,광주 북구,https://kr.indeed.com/채용보기?jk=794e209e405f4fc0
지스트 블록체인경제센터 계약직연구원,광주과학기술원,광주 북구,https://kr.indeed.com/채용보기?jk=a7c68eba65a950aa
인간중심 지능형 시스템 연구실 위촉연구원,광주과학기술원,광주 북구,https://kr.indeed.com/채용보기?jk=2485e93043545d8a
코리아서버호스팅 풀스택 경력,코리아서버호스팅,서울 서초구,https://kr.indeed.com/채용보기?jk=112b18e814dc90dc
차세대 광-무선 가입자망 연구센터 연구전담교수,광주과학기술원,광주 북구,https://kr.indeed.com/채용보기?jk=05439002712f8135
MPK / MPI-SD Joint Postdoctoral Position for Ultrafast Nonlinear Spectroscopy in Solids (Theory),POSTECH / Max Planck POSTECH/KOREA Res. Init.,대한민국,https://kr.indeed.com/채용보기?jk=e11bc11a4d72cc54
[해외취업] 고급 IT 엔지니어,株式会社ASCOM,대한민국,https://kr.indeed.com/채용보기?jk=10ddf37c7b70f83b
"Senior, Software Engineer (Search Quality Assurance)",Coupang,서울,https://kr.indeed.com/채용보기?jk=7a08f5e589b10a00
지구·환경공학부 환경시스템공학 연구실 위촉연구원,광주과학기술원,광주 북구,https://kr.indeed.com/채용보기?jk=d425b24146af3fa1
[정규직/본사근무] PHP 웹 개발자 (경력),이랜서,서울 강남구,https://kr.indeed.com/채용보기?jk=93d6ecdb386e186f
성장하는 핀테크 스타트업 BackEnd Developer 경력직,웨이브릿지,서울 강남구,https://kr.indeed.com/채용보기?jk=f8ee4cfdf4dd6934
블록체인인터넷경제 연구센터 위촉연구원,광주과학기술원,광주 북구,https://kr.indeed.com/채용보기?jk=77d8e0149dad533b
블록체인인터넷경제연구센터 위촉연구원,광주과학기술원,광주 북구,https://kr.indeed.com/채용보기?jk=3e80435be74cd28f
DX혁신부문 Tech Lab Senior Machine Learning & AI(Data professional) 정규직,이투스교육,서울 강남구,https://kr.indeed.com/채용보기?jk=9b09565fe78ef392
"서버·네트워크개발, 소프트웨어개발 외 경력 정규직",데이빅스,서울 구로구,https://kr.indeed.com/채용보기?jk=0b77f6f5f4862300
(경력) 정규직 웹개발자,알에스팀,대전 서구,https://kr.indeed.com/채용보기?jk=ba26ecf33dcf82ad
"Front-End Developer, Back-End Developer 경력 정규직",미스테리코,서울 마포구,https://kr.indeed.com/채용보기?jk=ace153a856846618
Web 개발(이커머스 파트)_PHP/CodeIgniter/Javascript,버드뷰,서울 마포구,https://kr.indeed.com/채용보기?jk=3292e81e43884c67
파이썬/자바스크립트 경력 정규직,디노플러스,서울 강남구,https://kr.indeed.com/채용보기?jk=81acb0a951cdde98
"모바일 앱 서버 개발(Java, Python)",휴먼디지털,서울,https://kr.indeed.com/채용보기?jk=16dff836029458af
전기전자컴퓨터공학부(바이오컴퓨팅연구실) 위촉연구원,광주과학기술원,광주 북구,https://kr.indeed.com/채용보기?jk=98c2229e57d4ee1f
Senior Business Analyst (Retail Program Management),Coupang,서울,https://kr.indeed.com/채용보기?jk=7772fd53bc80acde
Sr. Back-end Engineer (Query Understanding),Coupang,서울,https://kr.indeed.com/채용보기?jk=0df2999925f12355
Full Stack Developer,"Miso, inc",서울,https://kr.indeed.com/채용보기?jk=754348a9c3f08d66
대기업 검색엔진 개발 (대리과장급),차량IT 전문 기업 (대기업),서울,https://kr.indeed.com/채용보기?jk=c62452e8da21acb5
Java/Jsp/Front-end/WEB 개발자,에코소프트,경기도,https://kr.indeed.com/채용보기?jk=e6ed4f83454aa0c3
[공통기술부문] DevOps 엔지니어,우아한 형제들,서울 송파구,https://kr.indeed.com/채용보기?jk=c3b10346f12daeca
대기업 DBA 경력자 채용 (대리과장급),차량IT 전문 기업 (대기업),서울,https://kr.indeed.com/채용보기?jk=ae2fb57113a077bc
VP of Engineering,"Miso, inc",서울,https://kr.indeed.com/채용보기?jk=f5db97b4d95cbc04
기술 지원 및 개발 가능한 Technical Su...,이포넷,서울 삼성동,https://kr.indeed.com/채용보기?jk=99d1b2e25887707d
"[해외취업] 일본기업/Yi주식회사/IT엔지니어 경력2년이상자/도쿄, 정사원",Yi INC. (Yi株式会社),대한민국,https://kr.indeed.com/채용보기?jk=5f778071e9ca60ed
서버 개발자,유명메신저회사,서울 강남구,https://kr.indeed.com/채용보기?jk=a9374a4682dc1b1f
(주)아이옵스 S/W개발 경력사원,아이옵스,대전 유성구,https://kr.indeed.com/채용보기?jk=5b3c47309e4b6171
웹개발자 모집,원오토메이션,창원 의창구,https://kr.indeed.com/채용보기?jk=e4a8d8095243c5bb
Front-end Developer,"Miso, inc",서울,https://kr.indeed.com/채용보기?jk=9f7d7cbe5e172a01
Back-end Developer,"Miso, inc",서울,https://kr.indeed.com/채용보기?jk=80d3108dade97b0f
WaveBridge BackEnd Developer 경력직,웨이브릿지,서울 강남구,https://kr.indeed.com/채용보기?jk=ea7a7ab6e15151c1
ICT 서비스본부 디지털LAB,국내자본 저축은행,서울 구로구,https://kr.indeed.com/채용보기?jk=e0751dcb592aa9cc
시스템 프로그래머,에너지 거래소 및 에너지데이터 중개,서울,https://kr.indeed.com/채용보기?jk=33fbfcd01ae23602
"로봇관련, R&D_로봇 Skill 개발",4차산업 공장 자동화 기기 및 소프트웨어,경기도 수원,https://kr.indeed.com/채용보기?jk=50d0ae3f24a94532
디지털마케팅본부 수신상품 기획 및 전략수립 경력자,국내자본 저축은행,서울,https://kr.indeed.com/채용보기?jk=509e7ab10e54f962
저축은행 디지털마케팅본부 데이터분석 경력자,국내자본 저축은행,서울 구로구,https://kr.indeed.com/채용보기?jk=074bbbc1b7c4d596
저축은행 디지털 LAB,국내자본 저축은행,서울 구로구,https://kr.indeed.com/채용보기?jk=a58b91ab3d74f02d
저축은행 다이랙트마케팅팀 데이터분석,국내자본 저축은행,서울 구로구,https://kr.indeed.com/채용보기?jk=79da9b878d3d8709
저축은행 디지털뱅킹팀 데이터분석 경력,국내자본 저축은행,서울 구로구,https://kr.indeed.com/채용보기?jk=53ced11b1e0addce
Operations Associate (운영팀원) - 한국,Beam,서울,https://kr.indeed.com/채용보기?jk=e58c6fe6fd87f03e
React Native Developer,"Miso, inc",서울,https://kr.indeed.com/채용보기?jk=315c65b8337d3e7a
Data Scientist,에너지 거래소 및 에너지데이터 중개,서울,https://kr.indeed.com/채용보기?jk=1622a08497f8c091
저축은행 소비자금융 Data Science,국내자본 저축은행,서울 구로구,https://kr.indeed.com/채용보기?jk=9cd311595b3e4bea
디지털LAB 신기술파트,국내자본 저축은행,서울 구로구,https://kr.indeed.com/채용보기?jk=d24428ed26f0b058
운영(Business Operation Management) 경력자,유명메신저회사,서울 성동구,https://kr.indeed.com/채용보기?jk=caccb1d9be6bc918
저축은행 디지털뱅킹팀 데이터분석,국내자본 저축은행,서울 구로구,https://kr.indeed.com/채용보기?jk=51dcabafcf7a0bb0
저축은행 앱마케팅팀,국내자본 저축은행,서울 구로구,https://kr.indeed.com/채용보기?jk=35cefd4d91c7b366
저축은행 소비자금융본부 Data Science 팀,국내자본 저축은행,서울 구로구,https://kr.indeed.com/채용보기?jk=7376f377161ea4f2
저축은행 소비자금융 Data Science 팀,국내자본 저축은행,서울 구로구,https://kr.indeed.com/채용보기?jk=f77d3487d877324a
머선비전 S/W 개발 경력 직원,바질컴퍼니,부산 사상구,https://kr.indeed.com/채용보기?jk=b3d983e27dd5ffe8
MPK / MPI-SD Joint Postdoctoral Position for Ultrafast Nonlinear Spectroscopy in Solids (Theory),POSTECH / Max Planck POSTECH/KOREA Res. Init.,대한민국,https://kr.indeed.com/채용보기?jk=e11bc11a4d72cc54
Operations Manager (운영팀장) - 한국,Beam,서울,https://kr.indeed.com/채용보기?jk=43bf0c7e2b10e9b5
Fullstack SW개발자,신재생에너지 분야 솔루션기업,성남 판교역,https://kr.indeed.com/채용보기?jk=a2089ff8a19a429f
Back-end Web Engineer,Success Korea,서울 서초구,https://kr.indeed.com/채용보기?jk=89067ba5fc5296c0
DevOps 엔지니어(과장~차장급),TV홈쇼핑,성남 판교역,https://kr.indeed.com/채용보기?jk=8af16ddc1e1a33b3
MPK / MPI-SD Joint Postdoctoral Position for Ultrafast Nonlinear Spectroscopy in Solids (Theory),POSTECH / Max Planck POSTECH/KOREA Res. Init.,대한민국,https://kr.indeed.com/채용보기?jk=e11bc11a4d72cc54
